{"cameraMode":{"drawMode":0,"name":"Shaded","section":"Shading Mode"},"sceneLighting":true,"audioPlay":false,"sceneViewState":{"showFog":true,"showMaterialUpdate":false,"showSkybox":true,"showFlares":true,"showImageEffects":true,"showParticleSystems":true},"in2DMode":false,"pivot":{"x":-0.32489013671875,"y":2.0744781494140627,"z":-49.1435546875},"rotation":{"x":-0.013217710889875889,"y":-0.9810365438461304,"z":0.07223577052354813,"w":-0.17941930890083314},"size":1.107418179512024,"orthographic":true}