{"cameraMode":{"drawMode":0,"name":"Shaded","section":"Shading Mode"},"sceneLighting":false,"audioPlay":false,"sceneViewState":{"showFog":true,"showMaterialUpdate":false,"showSkybox":false,"showFlares":true,"showImageEffects":true,"showParticleSystems":true},"in2DMode":false,"pivot":{"x":-0.5788974165916443,"y":1.2429275512695313,"z":-4.760331153869629},"rotation":{"x":0.1604839414358139,"y":-0.549788773059845,"z":0.10858961194753647,"w":0.8125371932983398},"size":0.3076726496219635,"orthographic":true}