{"cameraMode":{"drawMode":0,"name":"Shaded","section":"Shading Mode"},"sceneLighting":false,"audioPlay":false,"sceneViewState":{"showFog":true,"showMaterialUpdate":false,"showSkybox":false,"showFlares":true,"showImageEffects":true,"showParticleSystems":true},"in2DMode":false,"pivot":{"x":0.20411209762096406,"y":0.1508254110813141,"z":0.26958492398262026},"rotation":{"x":0.1439218819141388,"y":0.7347949147224426,"z":-0.16469870507717133,"w":0.6420847177505493},"size":0.28884586691856387,"orthographic":true}