{"cameraMode":{"drawMode":0,"name":"Shaded","section":"Shading Mode"},"sceneLighting":true,"audioPlay":false,"sceneViewState":{"showFog":true,"showMaterialUpdate":false,"showSkybox":true,"showFlares":true,"showImageEffects":true,"showParticleSystems":true},"in2DMode":false,"pivot":{"x":3.28582763671875,"y":2.51910400390625,"z":1.8505859375},"rotation":{"x":-0.06811761111021042,"y":-0.9313446283340454,"z":0.2356387823820114,"w":-0.26921653747558596},"size":6.0912275314331059,"orthographic":true}