{"cameraMode":{"drawMode":0,"name":"Shaded","section":"Shading Mode"},"sceneLighting":true,"audioPlay":false,"sceneViewState":{"showFog":true,"showMaterialUpdate":false,"showSkybox":true,"showFlares":true,"showImageEffects":true,"showParticleSystems":true},"in2DMode":false,"pivot":{"x":19.658355712890626,"y":9.672607421875,"z":-56.44140625},"rotation":{"x":0.1604839414358139,"y":-0.549788773059845,"z":0.10858961194753647,"w":0.8125371932983398},"size":13.263617515563965,"orthographic":true}