{"cameraMode":{"drawMode":0,"name":"Shaded","section":"Shading Mode"},"sceneLighting":true,"audioPlay":false,"sceneViewState":{"showFog":true,"showMaterialUpdate":false,"showSkybox":true,"showFlares":true,"showImageEffects":true,"showParticleSystems":true},"in2DMode":false,"pivot":{"x":22.651718139648439,"y":-9.015060424804688,"z":-41.86346435546875},"rotation":{"x":-0.21583111584186555,"y":-0.4946802854537964,"z":0.12832045555114747,"w":-0.8320221900939941},"size":22.69307518005371,"orthographic":false}