{"cameraMode":{"drawMode":0,"name":"Shaded","section":"Shading Mode"},"sceneLighting":true,"audioPlay":false,"sceneViewState":{"showFog":true,"showMaterialUpdate":false,"showSkybox":true,"showFlares":true,"showImageEffects":true,"showParticleSystems":true},"in2DMode":false,"pivot":{"x":8.535441398620606,"y":8.399092674255371,"z":-16.882740020751954},"rotation":{"x":-0.07954984903335571,"y":0.9198248982429504,"z":-0.2533907890319824,"w":-0.28877249360084536},"size":0.17747759819030763,"orthographic":false}